{
    "min_vals": [
        0.0,
        0.0,
        0.0,
        0.0,
        0.0
    ],
    "max_vals": [
        252.7099610214164,
        676.5771423069128,
        63.55223845634357,
        119.46334430624943,
        0.7814872504863033
    ],
    "scale_vals": [
        0.003957105592348428,
        0.0014780280583974771,
        0.01573508698182107,
        0.008370768504826527,
        1.2796114068114621
    ],
    "min_offsets": [
        0.0,
        0.0,
        0.0,
        0.0,
        0.0
    ]
}