{
    "can_drink": [
        3.824319,
        1.36195,
        0.52127,
        0.426496,
        0.022983
    ],
    "can_food": [
        1.139836,
        3.938329,
        0.678545,
        0.827068,
        0.018758
    ],
    "cleaning_product": [
        0.5,
        10.02,
        0.75,
        0.36,
        0.08
    ],
    "cooking_oil_bottle": [
        5.988549,
        3.765306,
        1.418465,
        1.086955,
        0.029997
    ],
    "instant_drink_sachet": [
        6.104127,
        2.754372,
        2.235983,
        0.542194,
        0.014434
    ],
    "instant_noodles": [
        2.578129,
        3.495418,
        1.826494,
        0.508761,
        0.020885
    ],
    "personal_care": [
        0.5,
        10.02,
        0.75,
        0.36,
        0.08
    ],
    "plastic-bottle": [
        12.151769,
        2.423316,
        0.945997,
        0.816277,
        0.033796
    ],
    "rice_pack": [
        2.501571,
        4.820655,
        1.181988,
        0.511888,
        0.019957
    ],
    "snack_pack": [
        4.227861,
        1.71838,
        1.794867,
        0.424117,
        0.02444
    ]
}